"filename", "language", "JSON", "JavaScript", "HTML", "TypeScript", "SCSS", "XML", "comment", "blank", "total"
"/Users/iknowindigo/dev/TarotWork/SocialTarot/angular.json", "JSON", 122, 0, 0, 0, 0, 0, 87, 0, 209
"/Users/iknowindigo/dev/TarotWork/SocialTarot/e2e/protractor.conf.js", "JavaScript", 0, 24, 0, 0, 0, 0, 2, 3, 29
"/Users/iknowindigo/dev/TarotWork/SocialTarot/e2e/src/app.e2e-spec.ts", "TypeScript", 0, 0, 0, 11, 0, 0, 0, 4, 15
"/Users/iknowindigo/dev/TarotWork/SocialTarot/e2e/src/app.po.ts", "TypeScript", 0, 0, 0, 9, 0, 0, 0, 3, 12
"/Users/iknowindigo/dev/TarotWork/SocialTarot/e2e/tsconfig.json", "JSON", 13, 0, 0, 0, 0, 0, 0, 1, 14
"/Users/iknowindigo/dev/TarotWork/SocialTarot/firebase.json", "JSON", 8, 0, 0, 0, 0, 0, 18, 0, 26
"/Users/iknowindigo/dev/TarotWork/SocialTarot/functions/package-lock.json", "JSON", 2060, 0, 0, 0, 0, 0, 0, 1, 2061
"/Users/iknowindigo/dev/TarotWork/SocialTarot/functions/package.json", "JSON", 24, 0, 0, 0, 0, 0, 0, 1, 25
"/Users/iknowindigo/dev/TarotWork/SocialTarot/functions/src/index.ts", "TypeScript", 0, 0, 0, 57, 0, 0, 10, 10, 77
"/Users/iknowindigo/dev/TarotWork/SocialTarot/functions/tsconfig.json", "JSON", 15, 0, 0, 0, 0, 0, 0, 1, 16
"/Users/iknowindigo/dev/TarotWork/SocialTarot/ionic.config.json", "JSON", 5, 0, 0, 0, 0, 0, 0, 1, 6
"/Users/iknowindigo/dev/TarotWork/SocialTarot/karma.conf.js", "JavaScript", 0, 28, 0, 0, 0, 0, 2, 2, 32
"/Users/iknowindigo/dev/TarotWork/SocialTarot/package-lock.json", "JSON", 22459, 0, 0, 0, 0, 0, 0, 1, 22460
"/Users/iknowindigo/dev/TarotWork/SocialTarot/package.json", "JSON", 78, 0, 0, 0, 0, 0, 0, 1, 79
"/Users/iknowindigo/dev/TarotWork/SocialTarot/public/404.html", "HTML", 0, 0, 32, 0, 0, 0, 0, 2, 34
"/Users/iknowindigo/dev/TarotWork/SocialTarot/public/index.html", "HTML", 0, 0, 58, 0, 0, 0, 3, 5, 66
"/Users/iknowindigo/dev/TarotWork/SocialTarot/src/app/app-routing.module.ts", "TypeScript", 0, 0, 0, 57, 0, 0, 1, 4, 62
"/Users/iknowindigo/dev/TarotWork/SocialTarot/src/app/app.component.html", "HTML", 0, 0, 34, 0, 0, 0, 5, 1, 40
"/Users/iknowindigo/dev/TarotWork/SocialTarot/src/app/app.component.scss", "SCSS", 0, 0, 0, 0, 5, 0, 0, 1, 6
"/Users/iknowindigo/dev/TarotWork/SocialTarot/src/app/app.component.spec.ts", "TypeScript", 0, 0, 0, 36, 0, 0, 1, 11, 48
"/Users/iknowindigo/dev/TarotWork/SocialTarot/src/app/app.component.ts", "TypeScript", 0, 0, 0, 72, 0, 0, 10, 10, 92
"/Users/iknowindigo/dev/TarotWork/SocialTarot/src/app/app.module.ts", "TypeScript", 0, 0, 0, 42, 0, 0, 6, 6, 54
"/Users/iknowindigo/dev/TarotWork/SocialTarot/src/app/component/assign-folder/assign-folder.component.html", "HTML", 0, 0, 48, 0, 0, 0, 36, 24, 108
"/Users/iknowindigo/dev/TarotWork/SocialTarot/src/app/component/assign-folder/assign-folder.component.scss", "SCSS", 0, 0, 0, 0, 14, 0, 1, 2, 17
"/Users/iknowindigo/dev/TarotWork/SocialTarot/src/app/component/assign-folder/assign-folder.component.spec.ts", "TypeScript", 0, 0, 0, 19, 0, 0, 0, 6, 25
"/Users/iknowindigo/dev/TarotWork/SocialTarot/src/app/component/assign-folder/assign-folder.component.ts", "TypeScript", 0, 0, 0, 258, 0, 0, 38, 47, 343
"/Users/iknowindigo/dev/TarotWork/SocialTarot/src/app/component/before-throw/before-throw.component.html", "HTML", 0, 0, 11, 0, 0, 0, 6, 4, 21
"/Users/iknowindigo/dev/TarotWork/SocialTarot/src/app/component/before-throw/before-throw.component.scss", "SCSS", 0, 0, 0, 0, 8, 0, 5, 0, 13
"/Users/iknowindigo/dev/TarotWork/SocialTarot/src/app/component/before-throw/before-throw.component.spec.ts", "TypeScript", 0, 0, 0, 19, 0, 0, 0, 6, 25
"/Users/iknowindigo/dev/TarotWork/SocialTarot/src/app/component/before-throw/before-throw.component.ts", "TypeScript", 0, 0, 0, 33, 0, 0, 1, 7, 41
"/Users/iknowindigo/dev/TarotWork/SocialTarot/src/app/component/card-search/card-search.component.html", "HTML", 0, 0, 31, 0, 0, 0, 2, 11, 44
"/Users/iknowindigo/dev/TarotWork/SocialTarot/src/app/component/card-search/card-search.component.scss", "SCSS", 0, 0, 0, 0, 41, 0, 0, 0, 41
"/Users/iknowindigo/dev/TarotWork/SocialTarot/src/app/component/card-search/card-search.component.spec.ts", "TypeScript", 0, 0, 0, 19, 0, 0, 0, 6, 25
"/Users/iknowindigo/dev/TarotWork/SocialTarot/src/app/component/card-search/card-search.component.ts", "TypeScript", 0, 0, 0, 222, 0, 0, 5, 23, 250
"/Users/iknowindigo/dev/TarotWork/SocialTarot/src/app/component/chat-item/chat-item.component.html", "HTML", 0, 0, 102, 0, 0, 0, 13, 12, 127
"/Users/iknowindigo/dev/TarotWork/SocialTarot/src/app/component/chat-item/chat-item.component.scss", "SCSS", 0, 0, 0, 0, 16, 0, 45, 6, 67
"/Users/iknowindigo/dev/TarotWork/SocialTarot/src/app/component/chat-item/chat-item.component.spec.ts", "TypeScript", 0, 0, 0, 19, 0, 0, 0, 6, 25
"/Users/iknowindigo/dev/TarotWork/SocialTarot/src/app/component/chat-item/chat-item.component.ts", "TypeScript", 0, 0, 0, 253, 0, 0, 62, 27, 342
"/Users/iknowindigo/dev/TarotWork/SocialTarot/src/app/component/comment-edit/comment-edit.component.html", "HTML", 0, 0, 38, 0, 0, 0, 7, 6, 51
"/Users/iknowindigo/dev/TarotWork/SocialTarot/src/app/component/comment-edit/comment-edit.component.scss", "SCSS", 0, 0, 0, 0, 92, 0, 5, 8, 105
"/Users/iknowindigo/dev/TarotWork/SocialTarot/src/app/component/comment-edit/comment-edit.component.spec.ts", "TypeScript", 0, 0, 0, 19, 0, 0, 0, 6, 25
"/Users/iknowindigo/dev/TarotWork/SocialTarot/src/app/component/comment-edit/comment-edit.component.ts", "TypeScript", 0, 0, 0, 152, 0, 0, 52, 18, 222
"/Users/iknowindigo/dev/TarotWork/SocialTarot/src/app/component/components.module.ts", "TypeScript", 0, 0, 0, 35, 0, 0, 6, 4, 45
"/Users/iknowindigo/dev/TarotWork/SocialTarot/src/app/component/folder-nav/folder-nav.component.html", "HTML", 0, 0, 46, 0, 0, 0, 32, 17, 95
"/Users/iknowindigo/dev/TarotWork/SocialTarot/src/app/component/folder-nav/folder-nav.component.scss", "SCSS", 0, 0, 0, 0, 31, 0, 12, 5, 48
"/Users/iknowindigo/dev/TarotWork/SocialTarot/src/app/component/folder-nav/folder-nav.component.spec.ts", "TypeScript", 0, 0, 0, 19, 0, 0, 0, 6, 25
"/Users/iknowindigo/dev/TarotWork/SocialTarot/src/app/component/folder-nav/folder-nav.component.ts", "TypeScript", 0, 0, 0, 357, 0, 0, 80, 44, 481
"/Users/iknowindigo/dev/TarotWork/SocialTarot/src/app/component/landing-page/landing-page.component.html", "HTML", 0, 0, 45, 0, 0, 0, 0, 4, 49
"/Users/iknowindigo/dev/TarotWork/SocialTarot/src/app/component/landing-page/landing-page.component.scss", "SCSS", 0, 0, 0, 0, 15, 0, 6, 3, 24
"/Users/iknowindigo/dev/TarotWork/SocialTarot/src/app/component/landing-page/landing-page.component.spec.ts", "TypeScript", 0, 0, 0, 19, 0, 0, 0, 6, 25
"/Users/iknowindigo/dev/TarotWork/SocialTarot/src/app/component/landing-page/landing-page.component.ts", "TypeScript", 0, 0, 0, 31, 0, 0, 1, 8, 40
"/Users/iknowindigo/dev/TarotWork/SocialTarot/src/app/component/popover-menu/popover-menu.component.html", "HTML", 0, 0, 93, 0, 0, 0, 15, 14, 122
"/Users/iknowindigo/dev/TarotWork/SocialTarot/src/app/component/popover-menu/popover-menu.component.scss", "SCSS", 0, 0, 0, 0, 14, 0, 5, 2, 21
"/Users/iknowindigo/dev/TarotWork/SocialTarot/src/app/component/popover-menu/popover-menu.component.spec.ts", "TypeScript", 0, 0, 0, 19, 0, 0, 0, 6, 25
"/Users/iknowindigo/dev/TarotWork/SocialTarot/src/app/component/popover-menu/popover-menu.component.ts", "TypeScript", 0, 0, 0, 125, 0, 0, 4, 6, 135
"/Users/iknowindigo/dev/TarotWork/SocialTarot/src/app/component/reply-comment/reply-comment.component.html", "HTML", 0, 0, 18, 0, 0, 0, 2, 4, 24
"/Users/iknowindigo/dev/TarotWork/SocialTarot/src/app/component/reply-comment/reply-comment.component.scss", "SCSS", 0, 0, 0, 0, 16, 0, 0, 2, 18
"/Users/iknowindigo/dev/TarotWork/SocialTarot/src/app/component/reply-comment/reply-comment.component.spec.ts", "TypeScript", 0, 0, 0, 19, 0, 0, 0, 6, 25
"/Users/iknowindigo/dev/TarotWork/SocialTarot/src/app/component/reply-comment/reply-comment.component.ts", "TypeScript", 0, 0, 0, 80, 0, 0, 25, 14, 119
"/Users/iknowindigo/dev/TarotWork/SocialTarot/src/app/component/tablehelp/tablehelp.component.html", "HTML", 0, 0, 254, 0, 0, 0, 180, 34, 468
"/Users/iknowindigo/dev/TarotWork/SocialTarot/src/app/component/tablehelp/tablehelp.component.scss", "SCSS", 0, 0, 0, 0, 60, 0, 7, 14, 81
"/Users/iknowindigo/dev/TarotWork/SocialTarot/src/app/component/tablehelp/tablehelp.component.spec.ts", "TypeScript", 0, 0, 0, 19, 0, 0, 0, 6, 25
"/Users/iknowindigo/dev/TarotWork/SocialTarot/src/app/component/tablehelp/tablehelp.component.ts", "TypeScript", 0, 0, 0, 330, 0, 0, 97, 48, 475
"/Users/iknowindigo/dev/TarotWork/SocialTarot/src/app/material.module.ts", "TypeScript", 0, 0, 0, 122, 0, 0, 3, 2, 127
"/Users/iknowindigo/dev/TarotWork/SocialTarot/src/app/members/dashboard/dashboard-routing.module.ts", "TypeScript", 0, 0, 0, 14, 0, 0, 0, 4, 18
"/Users/iknowindigo/dev/TarotWork/SocialTarot/src/app/members/dashboard/dashboard.module.ts", "TypeScript", 0, 0, 0, 16, 0, 0, 0, 5, 21
"/Users/iknowindigo/dev/TarotWork/SocialTarot/src/app/members/dashboard/dashboard.page.html", "HTML", 0, 0, 7, 0, 0, 0, 0, 3, 10
"/Users/iknowindigo/dev/TarotWork/SocialTarot/src/app/members/dashboard/dashboard.page.scss", "SCSS", 0, 0, 0, 0, 0, 0, 0, 1, 1
"/Users/iknowindigo/dev/TarotWork/SocialTarot/src/app/members/dashboard/dashboard.page.spec.ts", "TypeScript", 0, 0, 0, 19, 0, 0, 0, 6, 25
"/Users/iknowindigo/dev/TarotWork/SocialTarot/src/app/members/dashboard/dashboard.page.ts", "TypeScript", 0, 0, 0, 11, 0, 0, 0, 5, 16
"/Users/iknowindigo/dev/TarotWork/SocialTarot/src/app/members/member-routing.module.ts", "TypeScript", 0, 0, 0, 15, 0, 0, 0, 5, 20
"/Users/iknowindigo/dev/TarotWork/SocialTarot/src/app/profile/profile-routing.module.ts", "TypeScript", 0, 0, 0, 14, 0, 0, 0, 4, 18
"/Users/iknowindigo/dev/TarotWork/SocialTarot/src/app/profile/profile.module.ts", "TypeScript", 0, 0, 0, 16, 0, 0, 0, 5, 21
"/Users/iknowindigo/dev/TarotWork/SocialTarot/src/app/profile/profile.page.html", "HTML", 0, 0, 102, 0, 0, 0, 12, 15, 129
"/Users/iknowindigo/dev/TarotWork/SocialTarot/src/app/profile/profile.page.scss", "SCSS", 0, 0, 0, 0, 8, 0, 0, 0, 8
"/Users/iknowindigo/dev/TarotWork/SocialTarot/src/app/profile/profile.page.spec.ts", "TypeScript", 0, 0, 0, 19, 0, 0, 0, 6, 25
"/Users/iknowindigo/dev/TarotWork/SocialTarot/src/app/profile/profile.page.ts", "TypeScript", 0, 0, 0, 215, 0, 0, 32, 27, 274
"/Users/iknowindigo/dev/TarotWork/SocialTarot/src/app/public/login/login-routing.module.ts", "TypeScript", 0, 0, 0, 14, 0, 0, 0, 4, 18
"/Users/iknowindigo/dev/TarotWork/SocialTarot/src/app/public/login/login.module.ts", "TypeScript", 0, 0, 0, 16, 0, 0, 0, 5, 21
"/Users/iknowindigo/dev/TarotWork/SocialTarot/src/app/public/login/login.page.html", "HTML", 0, 0, 60, 0, 0, 0, 9, 17, 86
"/Users/iknowindigo/dev/TarotWork/SocialTarot/src/app/public/login/login.page.scss", "SCSS", 0, 0, 0, 0, 0, 0, 0, 1, 1
"/Users/iknowindigo/dev/TarotWork/SocialTarot/src/app/public/login/login.page.spec.ts", "TypeScript", 0, 0, 0, 19, 0, 0, 0, 6, 25
"/Users/iknowindigo/dev/TarotWork/SocialTarot/src/app/public/login/login.page.ts", "TypeScript", 0, 0, 0, 114, 0, 0, 33, 32, 179
"/Users/iknowindigo/dev/TarotWork/SocialTarot/src/app/public/register/register-routing.module.ts", "TypeScript", 0, 0, 0, 14, 0, 0, 0, 4, 18
"/Users/iknowindigo/dev/TarotWork/SocialTarot/src/app/public/register/register.module.ts", "TypeScript", 0, 0, 0, 16, 0, 0, 0, 5, 21
"/Users/iknowindigo/dev/TarotWork/SocialTarot/src/app/public/register/register.page.html", "HTML", 0, 0, 81, 0, 0, 0, 2, 11, 94
"/Users/iknowindigo/dev/TarotWork/SocialTarot/src/app/public/register/register.page.scss", "SCSS", 0, 0, 0, 0, 6, 0, 0, 0, 6
"/Users/iknowindigo/dev/TarotWork/SocialTarot/src/app/public/register/register.page.spec.ts", "TypeScript", 0, 0, 0, 19, 0, 0, 0, 6, 25
"/Users/iknowindigo/dev/TarotWork/SocialTarot/src/app/public/register/register.page.ts", "TypeScript", 0, 0, 0, 102, 0, 0, 14, 19, 135
"/Users/iknowindigo/dev/TarotWork/SocialTarot/src/app/services/auth-guard.service.spec.ts", "TypeScript", 0, 0, 0, 12, 0, 0, 0, 5, 17
"/Users/iknowindigo/dev/TarotWork/SocialTarot/src/app/services/auth-guard.service.ts", "TypeScript", 0, 0, 0, 12, 0, 0, 0, 4, 16
"/Users/iknowindigo/dev/TarotWork/SocialTarot/src/app/services/authentication.service.spec.ts", "TypeScript", 0, 0, 0, 12, 0, 0, 0, 5, 17
"/Users/iknowindigo/dev/TarotWork/SocialTarot/src/app/services/authentication.service.ts", "TypeScript", 0, 0, 0, 347, 0, 0, 102, 60, 509
"/Users/iknowindigo/dev/TarotWork/SocialTarot/src/app/services/firestore.service.spec.ts", "TypeScript", 0, 0, 0, 12, 0, 0, 0, 5, 17
"/Users/iknowindigo/dev/TarotWork/SocialTarot/src/app/services/firestore.service.ts", "TypeScript", 0, 0, 0, 1196, 0, 0, 346, 146, 1688
"/Users/iknowindigo/dev/TarotWork/SocialTarot/src/app/services/pdf-gen.service.spec.ts", "TypeScript", 0, 0, 0, 12, 0, 0, 0, 5, 17
"/Users/iknowindigo/dev/TarotWork/SocialTarot/src/app/services/pdf-gen.service.ts", "TypeScript", 0, 0, 0, 316, 0, 0, 95, 77, 488
"/Users/iknowindigo/dev/TarotWork/SocialTarot/src/app/services/realtime-db.service.spec.ts", "TypeScript", 0, 0, 0, 12, 0, 0, 0, 5, 17
"/Users/iknowindigo/dev/TarotWork/SocialTarot/src/app/services/realtime-db.service.ts", "TypeScript", 0, 0, 0, 1002, 0, 0, 338, 120, 1460
"/Users/iknowindigo/dev/TarotWork/SocialTarot/src/app/services/spiritual-service.service.spec.ts", "TypeScript", 0, 0, 0, 12, 0, 0, 0, 5, 17
"/Users/iknowindigo/dev/TarotWork/SocialTarot/src/app/services/spiritual-service.service.ts", "TypeScript", 0, 0, 0, 71, 0, 0, 7, 8, 86
"/Users/iknowindigo/dev/TarotWork/SocialTarot/src/app/services/tarot-cards.service.spec.ts", "TypeScript", 0, 0, 0, 12, 0, 0, 0, 5, 17
"/Users/iknowindigo/dev/TarotWork/SocialTarot/src/app/services/tarot-cards.service.ts", "TypeScript", 0, 0, 0, 615, 0, 0, 101, 81, 797
"/Users/iknowindigo/dev/TarotWork/SocialTarot/src/app/tarot-deck/about/about-routing.module.ts", "TypeScript", 0, 0, 0, 14, 0, 0, 0, 4, 18
"/Users/iknowindigo/dev/TarotWork/SocialTarot/src/app/tarot-deck/about/about.module.ts", "TypeScript", 0, 0, 0, 16, 0, 0, 0, 5, 21
"/Users/iknowindigo/dev/TarotWork/SocialTarot/src/app/tarot-deck/about/about.page.html", "HTML", 0, 0, 52, 0, 0, 0, 0, 9, 61
"/Users/iknowindigo/dev/TarotWork/SocialTarot/src/app/tarot-deck/about/about.page.scss", "SCSS", 0, 0, 0, 0, 0, 0, 0, 1, 1
"/Users/iknowindigo/dev/TarotWork/SocialTarot/src/app/tarot-deck/about/about.page.spec.ts", "TypeScript", 0, 0, 0, 19, 0, 0, 0, 6, 25
"/Users/iknowindigo/dev/TarotWork/SocialTarot/src/app/tarot-deck/about/about.page.ts", "TypeScript", 0, 0, 0, 17, 0, 0, 1, 5, 23
"/Users/iknowindigo/dev/TarotWork/SocialTarot/src/app/tarot-deck/admin/admin-routing.module.ts", "TypeScript", 0, 0, 0, 14, 0, 0, 0, 4, 18
"/Users/iknowindigo/dev/TarotWork/SocialTarot/src/app/tarot-deck/admin/admin.module.ts", "TypeScript", 0, 0, 0, 16, 0, 0, 0, 5, 21
"/Users/iknowindigo/dev/TarotWork/SocialTarot/src/app/tarot-deck/admin/admin.page.html", "HTML", 0, 0, 34, 0, 0, 0, 0, 8, 42
"/Users/iknowindigo/dev/TarotWork/SocialTarot/src/app/tarot-deck/admin/admin.page.scss", "SCSS", 0, 0, 0, 0, 0, 0, 0, 1, 1
"/Users/iknowindigo/dev/TarotWork/SocialTarot/src/app/tarot-deck/admin/admin.page.spec.ts", "TypeScript", 0, 0, 0, 19, 0, 0, 0, 6, 25
"/Users/iknowindigo/dev/TarotWork/SocialTarot/src/app/tarot-deck/admin/admin.page.ts", "TypeScript", 0, 0, 0, 49, 0, 0, 1, 11, 61
"/Users/iknowindigo/dev/TarotWork/SocialTarot/src/app/tarot-deck/diary/diary-routing.module.ts", "TypeScript", 0, 0, 0, 22, 0, 0, 0, 5, 27
"/Users/iknowindigo/dev/TarotWork/SocialTarot/src/app/tarot-deck/diary/diary.module.ts", "TypeScript", 0, 0, 0, 20, 0, 0, 0, 6, 26
"/Users/iknowindigo/dev/TarotWork/SocialTarot/src/app/tarot-deck/diary/diary.page.html", "HTML", 0, 0, 80, 0, 0, 0, 23, 39, 142
"/Users/iknowindigo/dev/TarotWork/SocialTarot/src/app/tarot-deck/diary/diary.page.scss", "SCSS", 0, 0, 0, 0, 115, 0, 8, 30, 153
"/Users/iknowindigo/dev/TarotWork/SocialTarot/src/app/tarot-deck/diary/diary.page.spec.ts", "TypeScript", 0, 0, 0, 19, 0, 0, 0, 6, 25
"/Users/iknowindigo/dev/TarotWork/SocialTarot/src/app/tarot-deck/diary/diary.page.ts", "TypeScript", 0, 0, 0, 213, 0, 0, 73, 40, 326
"/Users/iknowindigo/dev/TarotWork/SocialTarot/src/app/tarot-deck/friends/friends-routing.module.ts", "TypeScript", 0, 0, 0, 14, 0, 0, 0, 4, 18
"/Users/iknowindigo/dev/TarotWork/SocialTarot/src/app/tarot-deck/friends/friends.module.ts", "TypeScript", 0, 0, 0, 16, 0, 0, 0, 5, 21
"/Users/iknowindigo/dev/TarotWork/SocialTarot/src/app/tarot-deck/friends/friends.page.html", "HTML", 0, 0, 140, 0, 0, 0, 8, 21, 169
"/Users/iknowindigo/dev/TarotWork/SocialTarot/src/app/tarot-deck/friends/friends.page.scss", "SCSS", 0, 0, 0, 0, 0, 0, 0, 1, 1
"/Users/iknowindigo/dev/TarotWork/SocialTarot/src/app/tarot-deck/friends/friends.page.spec.ts", "TypeScript", 0, 0, 0, 19, 0, 0, 0, 6, 25
"/Users/iknowindigo/dev/TarotWork/SocialTarot/src/app/tarot-deck/friends/friends.page.ts", "TypeScript", 0, 0, 0, 347, 0, 0, 80, 32, 459
"/Users/iknowindigo/dev/TarotWork/SocialTarot/src/app/tarot-deck/full-screen-modal/full-screen-modal-routing.module.ts", "TypeScript", 0, 0, 0, 14, 0, 0, 0, 4, 18
"/Users/iknowindigo/dev/TarotWork/SocialTarot/src/app/tarot-deck/full-screen-modal/full-screen-modal.module.ts", "TypeScript", 0, 0, 0, 16, 0, 0, 0, 5, 21
"/Users/iknowindigo/dev/TarotWork/SocialTarot/src/app/tarot-deck/full-screen-modal/full-screen-modal.page.html", "HTML", 0, 0, 15, 0, 0, 0, 0, 3, 18
"/Users/iknowindigo/dev/TarotWork/SocialTarot/src/app/tarot-deck/full-screen-modal/full-screen-modal.page.scss", "SCSS", 0, 0, 0, 0, 34, 0, 0, 2, 36
"/Users/iknowindigo/dev/TarotWork/SocialTarot/src/app/tarot-deck/full-screen-modal/full-screen-modal.page.spec.ts", "TypeScript", 0, 0, 0, 19, 0, 0, 0, 6, 25
"/Users/iknowindigo/dev/TarotWork/SocialTarot/src/app/tarot-deck/full-screen-modal/full-screen-modal.page.ts", "TypeScript", 0, 0, 0, 22, 0, 0, 0, 6, 28
"/Users/iknowindigo/dev/TarotWork/SocialTarot/src/app/tarot-deck/intro/intro-routing.module.ts", "TypeScript", 0, 0, 0, 14, 0, 0, 0, 4, 18
"/Users/iknowindigo/dev/TarotWork/SocialTarot/src/app/tarot-deck/intro/intro.module.ts", "TypeScript", 0, 0, 0, 16, 0, 0, 0, 5, 21
"/Users/iknowindigo/dev/TarotWork/SocialTarot/src/app/tarot-deck/intro/intro.page.html", "HTML", 0, 0, 18, 0, 0, 0, 0, 8, 26
"/Users/iknowindigo/dev/TarotWork/SocialTarot/src/app/tarot-deck/intro/intro.page.scss", "SCSS", 0, 0, 0, 0, 7, 0, 4, 0, 11
"/Users/iknowindigo/dev/TarotWork/SocialTarot/src/app/tarot-deck/intro/intro.page.spec.ts", "TypeScript", 0, 0, 0, 19, 0, 0, 0, 6, 25
"/Users/iknowindigo/dev/TarotWork/SocialTarot/src/app/tarot-deck/intro/intro.page.ts", "TypeScript", 0, 0, 0, 35, 0, 0, 44, 17, 96
"/Users/iknowindigo/dev/TarotWork/SocialTarot/src/app/tarot-deck/keyFullTextArray.ts", "TypeScript", 0, 0, 0, 654, 0, 0, 0, 0, 654
"/Users/iknowindigo/dev/TarotWork/SocialTarot/src/app/tarot-deck/modal-card-display/modal-card-display-routing.module.ts", "TypeScript", 0, 0, 0, 14, 0, 0, 0, 4, 18
"/Users/iknowindigo/dev/TarotWork/SocialTarot/src/app/tarot-deck/modal-card-display/modal-card-display.module.ts", "TypeScript", 0, 0, 0, 16, 0, 0, 0, 5, 21
"/Users/iknowindigo/dev/TarotWork/SocialTarot/src/app/tarot-deck/modal-card-display/modal-card-display.page.html", "HTML", 0, 0, 49, 0, 0, 0, 3, 11, 63
"/Users/iknowindigo/dev/TarotWork/SocialTarot/src/app/tarot-deck/modal-card-display/modal-card-display.page.scss", "SCSS", 0, 0, 0, 0, 18, 0, 1, 2, 21
"/Users/iknowindigo/dev/TarotWork/SocialTarot/src/app/tarot-deck/modal-card-display/modal-card-display.page.spec.ts", "TypeScript", 0, 0, 0, 19, 0, 0, 0, 6, 25
"/Users/iknowindigo/dev/TarotWork/SocialTarot/src/app/tarot-deck/modal-card-display/modal-card-display.page.ts", "TypeScript", 0, 0, 0, 35, 0, 0, 11, 8, 54
"/Users/iknowindigo/dev/TarotWork/SocialTarot/src/app/tarot-deck/nine-ray/nine-ray-routing.module.ts", "TypeScript", 0, 0, 0, 14, 0, 0, 0, 4, 18
"/Users/iknowindigo/dev/TarotWork/SocialTarot/src/app/tarot-deck/nine-ray/nine-ray.module.ts", "TypeScript", 0, 0, 0, 16, 0, 0, 0, 5, 21
"/Users/iknowindigo/dev/TarotWork/SocialTarot/src/app/tarot-deck/nine-ray/nine-ray.page.html", "HTML", 0, 0, 93, 0, 0, 0, 0, 3, 96
"/Users/iknowindigo/dev/TarotWork/SocialTarot/src/app/tarot-deck/nine-ray/nine-ray.page.scss", "SCSS", 0, 0, 0, 0, 4, 0, 0, 0, 4
"/Users/iknowindigo/dev/TarotWork/SocialTarot/src/app/tarot-deck/nine-ray/nine-ray.page.spec.ts", "TypeScript", 0, 0, 0, 19, 0, 0, 0, 6, 25
"/Users/iknowindigo/dev/TarotWork/SocialTarot/src/app/tarot-deck/nine-ray/nine-ray.page.ts", "TypeScript", 0, 0, 0, 121, 0, 0, 28, 14, 163
"/Users/iknowindigo/dev/TarotWork/SocialTarot/src/app/tarot-deck/smaller/smaller-routing.module.ts", "TypeScript", 0, 0, 0, 14, 0, 0, 0, 4, 18
"/Users/iknowindigo/dev/TarotWork/SocialTarot/src/app/tarot-deck/smaller/smaller.module.ts", "TypeScript", 0, 0, 0, 20, 0, 0, 0, 5, 25
"/Users/iknowindigo/dev/TarotWork/SocialTarot/src/app/tarot-deck/smaller/smaller.page.html", "HTML", 0, 0, 48, 0, 0, 0, 6, 25, 79
"/Users/iknowindigo/dev/TarotWork/SocialTarot/src/app/tarot-deck/smaller/smaller.page.scss", "SCSS", 0, 0, 0, 0, 71, 0, 10, 21, 102
"/Users/iknowindigo/dev/TarotWork/SocialTarot/src/app/tarot-deck/smaller/smaller.page.spec.ts", "TypeScript", 0, 0, 0, 19, 0, 0, 0, 6, 25
"/Users/iknowindigo/dev/TarotWork/SocialTarot/src/app/tarot-deck/smaller/smaller.page.ts", "TypeScript", 0, 0, 0, 198, 0, 0, 60, 32, 290
"/Users/iknowindigo/dev/TarotWork/SocialTarot/src/app/tarot-deck/tarot-card-detail/tarot-card-detail-routing.module.ts", "TypeScript", 0, 0, 0, 14, 0, 0, 0, 4, 18
"/Users/iknowindigo/dev/TarotWork/SocialTarot/src/app/tarot-deck/tarot-card-detail/tarot-card-detail.module.ts", "TypeScript", 0, 0, 0, 16, 0, 0, 0, 2, 18
"/Users/iknowindigo/dev/TarotWork/SocialTarot/src/app/tarot-deck/tarot-card-detail/tarot-card-detail.page.html", "HTML", 0, 0, 27, 0, 0, 0, 0, 3, 30
"/Users/iknowindigo/dev/TarotWork/SocialTarot/src/app/tarot-deck/tarot-card-detail/tarot-card-detail.page.scss", "SCSS", 0, 0, 0, 0, 0, 0, 0, 1, 1
"/Users/iknowindigo/dev/TarotWork/SocialTarot/src/app/tarot-deck/tarot-card-detail/tarot-card-detail.page.spec.ts", "TypeScript", 0, 0, 0, 19, 0, 0, 0, 6, 25
"/Users/iknowindigo/dev/TarotWork/SocialTarot/src/app/tarot-deck/tarot-card-detail/tarot-card-detail.page.ts", "TypeScript", 0, 0, 0, 22, 0, 0, 1, 5, 28
"/Users/iknowindigo/dev/TarotWork/SocialTarot/src/app/tarot-deck/tarot-deck-routing.module.ts", "TypeScript", 0, 0, 0, 62, 0, 0, 0, 3, 65
"/Users/iknowindigo/dev/TarotWork/SocialTarot/src/app/tarot-deck/tarot-deck.module.ts", "TypeScript", 0, 0, 0, 20, 0, 0, 0, 7, 27
"/Users/iknowindigo/dev/TarotWork/SocialTarot/src/app/tarot-deck/tarot-deck.page.html", "HTML", 0, 0, 117, 0, 0, 0, 85, 39, 241
"/Users/iknowindigo/dev/TarotWork/SocialTarot/src/app/tarot-deck/tarot-deck.page.scss", "SCSS", 0, 0, 0, 0, 42, 0, 24, 17, 83
"/Users/iknowindigo/dev/TarotWork/SocialTarot/src/app/tarot-deck/tarot-deck.page.spec.ts", "TypeScript", 0, 0, 0, 19, 0, 0, 0, 6, 25
"/Users/iknowindigo/dev/TarotWork/SocialTarot/src/app/tarot-deck/tarot-deck.page.ts", "TypeScript", 0, 0, 0, 413, 0, 0, 285, 113, 811
"/Users/iknowindigo/dev/TarotWork/SocialTarot/src/app/tarot-deck/tarot-results/tarot-results-routing.module.ts", "TypeScript", 0, 0, 0, 14, 0, 0, 0, 4, 18
"/Users/iknowindigo/dev/TarotWork/SocialTarot/src/app/tarot-deck/tarot-results/tarot-results.module.ts", "TypeScript", 0, 0, 0, 19, 0, 0, 0, 6, 25
"/Users/iknowindigo/dev/TarotWork/SocialTarot/src/app/tarot-deck/tarot-results/tarot-results.page.html", "HTML", 0, 0, 38, 0, 0, 0, 18, 11, 67
"/Users/iknowindigo/dev/TarotWork/SocialTarot/src/app/tarot-deck/tarot-results/tarot-results.page.scss", "SCSS", 0, 0, 0, 0, 85, 0, 11, 19, 115
"/Users/iknowindigo/dev/TarotWork/SocialTarot/src/app/tarot-deck/tarot-results/tarot-results.page.spec.ts", "TypeScript", 0, 0, 0, 19, 0, 0, 0, 6, 25
"/Users/iknowindigo/dev/TarotWork/SocialTarot/src/app/tarot-deck/tarot-results/tarot-results.page.ts", "TypeScript", 0, 0, 0, 221, 0, 0, 67, 40, 328
"/Users/iknowindigo/dev/TarotWork/SocialTarot/src/app/tarot-deck/tarot-throw/tarot-throw-routing.module.ts", "TypeScript", 0, 0, 0, 14, 0, 0, 0, 4, 18
"/Users/iknowindigo/dev/TarotWork/SocialTarot/src/app/tarot-deck/tarot-throw/tarot-throw.module.ts", "TypeScript", 0, 0, 0, 16, 0, 0, 0, 2, 18
"/Users/iknowindigo/dev/TarotWork/SocialTarot/src/app/tarot-deck/tarot-throw/tarot-throw.page.html", "HTML", 0, 0, 30, 0, 0, 0, 3, 8, 41
"/Users/iknowindigo/dev/TarotWork/SocialTarot/src/app/tarot-deck/tarot-throw/tarot-throw.page.scss", "SCSS", 0, 0, 0, 0, 60, 0, 9, 11, 80
"/Users/iknowindigo/dev/TarotWork/SocialTarot/src/app/tarot-deck/tarot-throw/tarot-throw.page.spec.ts", "TypeScript", 0, 0, 0, 19, 0, 0, 0, 6, 25
"/Users/iknowindigo/dev/TarotWork/SocialTarot/src/app/tarot-deck/tarot-throw/tarot-throw.page.ts", "TypeScript", 0, 0, 0, 122, 0, 0, 60, 26, 208
"/Users/iknowindigo/dev/TarotWork/SocialTarot/src/app/tarot-deck/tarotCard.model.ts", "TypeScript", 0, 0, 0, 10, 0, 0, 0, 0, 10
"/Users/iknowindigo/dev/TarotWork/SocialTarot/src/app/tarot-social/tarot-social-routing.module.ts", "TypeScript", 0, 0, 0, 14, 0, 0, 0, 4, 18
"/Users/iknowindigo/dev/TarotWork/SocialTarot/src/app/tarot-social/tarot-social.module.ts", "TypeScript", 0, 0, 0, 19, 0, 0, 0, 6, 25
"/Users/iknowindigo/dev/TarotWork/SocialTarot/src/app/tarot-social/tarot-social.page.html", "HTML", 0, 0, 68, 0, 0, 0, 11, 22, 101
"/Users/iknowindigo/dev/TarotWork/SocialTarot/src/app/tarot-social/tarot-social.page.scss", "SCSS", 0, 0, 0, 0, 17, 0, 5, 2, 24
"/Users/iknowindigo/dev/TarotWork/SocialTarot/src/app/tarot-social/tarot-social.page.spec.ts", "TypeScript", 0, 0, 0, 19, 0, 0, 0, 6, 25
"/Users/iknowindigo/dev/TarotWork/SocialTarot/src/app/tarot-social/tarot-social.page.ts", "TypeScript", 0, 0, 0, 294, 0, 0, 138, 40, 472
"/Users/iknowindigo/dev/TarotWork/SocialTarot/src/assets/img/shapes.svg", "XML", 0, 0, 0, 0, 0, 1, 0, 1, 2
"/Users/iknowindigo/dev/TarotWork/SocialTarot/src/environments/environment.prod.ts", "TypeScript", 0, 0, 0, 13, 0, 0, 3, 1, 17
"/Users/iknowindigo/dev/TarotWork/SocialTarot/src/environments/environment.ts", "TypeScript", 0, 0, 0, 14, 0, 0, 11, 5, 30
"/Users/iknowindigo/dev/TarotWork/SocialTarot/src/global.scss", "SCSS", 0, 0, 0, 0, 283, 0, 111, 48, 442
"/Users/iknowindigo/dev/TarotWork/SocialTarot/src/index.html", "HTML", 0, 0, 20, 0, 0, 0, 2, 8, 30
"/Users/iknowindigo/dev/TarotWork/SocialTarot/src/main.ts", "TypeScript", 0, 0, 0, 9, 0, 0, 0, 4, 13
"/Users/iknowindigo/dev/TarotWork/SocialTarot/src/polyfills.ts", "TypeScript", 0, 0, 0, 2, 0, 0, 55, 10, 67
"/Users/iknowindigo/dev/TarotWork/SocialTarot/src/test.ts", "TypeScript", 0, 0, 0, 13, 0, 0, 4, 4, 21
"/Users/iknowindigo/dev/TarotWork/SocialTarot/src/theme/variables.scss", "SCSS", 0, 0, 0, 0, 249, 0, 34, 52, 335
"/Users/iknowindigo/dev/TarotWork/SocialTarot/src/zone-flags.ts", "TypeScript", 0, 0, 0, 1, 0, 0, 4, 1, 6
"/Users/iknowindigo/dev/TarotWork/SocialTarot/tsconfig.app.json", "JSON", 18, 0, 0, 0, 0, 0, 0, 1, 19
"/Users/iknowindigo/dev/TarotWork/SocialTarot/tsconfig.json", "JSON", 28, 0, 0, 0, 0, 0, 0, 1, 29
"/Users/iknowindigo/dev/TarotWork/SocialTarot/tsconfig.spec.json", "JSON", 18, 0, 0, 0, 0, 0, 0, 0, 18
"/Users/iknowindigo/dev/TarotWork/SocialTarot/tslint.json", "JSON", 148, 0, 0, 0, 0, 0, 0, 0, 148
"Total", "-", 24996, 52, 1889, 10353, 1311, 1, 3291, 2328, 44221